Team,Year,Rank,Result,Change,Combinations,Expected_Value,Lottery_Chance,Lottery_luck,Winning Percentage,Playoff outcome,previous_winning_percentage,average_future_winning_percentage,average_future_playoff_success,change_in_winning_percentage
HOU,2022,1,3,-2,140.0,3.6661906817370515,0.5193896214877216,0.6661906817370515,0.268,0,0.244,0.268,1.25,0.02400000000000002
ORL,2022,2,1,1,140.0,3.864516224643588,0.5193896214877216,2.864516224643588,0.415,0,0.268,0.415,0.25,0.14699999999999996
DET,2022,3,5,-2,140.0,4.062841767550109,0.5193896214877216,-0.9371582324498906,0.207,0,0.28,0.207,0.25,-0.07300000000000004
OKC/SEA,2022,4,2,2,115.0,4.561669139951863,0.4497944104495967,2.5616691399518627,0.488,0,0.293,0.488,0.875,0.195
IND,2022,5,6,-1,115.0,4.833291388329727,0.4497944104495967,-1.1667086116702734,0.427,0,0.305,0.427,0.625,0.122
POR,2022,6,7,-1,90.0,5.532444871527917,0.37046988847342854,-1.4675551284720827,0.402,0,0.329,0.402,1.125,0.07300000000000001
SAC,2022,7,4,3,75.0,6.220128573375712,0.31798934800661227,2.220128573375712,0.585,1,0.366,0.585,0.125,0.21899999999999997
LAL,2022,8,8,0,45.0,7.454175128752768,0.20181032425112705,-0.5458248712472322,0.524,3,0.402,0.524,1.125,0.122
SAS,2022,9,9,0,45.0,8.080708617960235,0.20181032425112705,-0.9192913820397646,0.268,0,0.415,0.268,0.875,-0.14699999999999996
WAS,2022,10,10,0,45.0,8.707242107167659,0.20181032425112705,-1.2927578928323413,0.427,0,0.427,0.427,0.5,0.0
NYK,2022,11,11,0,18.0,10.435289788757245,0.08457673644283376,-0.5647102112427547,0.573,2,0.451,0.573,0.375,0.12199999999999994
LAC,2022,12,12,0,17.0,11.318414466864331,0.08000997019770896,-0.681585533135669,0.537,1,0.512,0.537,1.125,0.025000000000000022
CHA,2022,13,13,0,10.0,12.530253495916387,0.04760409463554484,-0.46974650408361285,0.329,0,0.524,0.329,0.125,-0.195
CLE,2022,14,14,0,5.0,13.727672943645647,0.023992509176548132,-0.27232705635435295,0.622,1,0.537,0.622,1.75,0.08499999999999996
HOU,2021,1,2,-1,140.0,3.6661906817370515,0.5193896214877216,1.6661906817370515,0.244,0,0.236,0.256,1.625,0.020000000000000018
DET,2021,2,1,1,140.0,3.864516224643588,0.5193896214877216,2.864516224643588,0.28,0,0.278,0.2435,0.25,-0.03450000000000003
ORL,2021,3,5,-2,140.0,4.062841767550109,0.5193896214877216,-0.9371582324498906,0.268,0,0.292,0.3415,0.25,0.049500000000000044
OKC/SEA,2021,4,6,-2,115.0,4.561669139951863,0.4497944104495967,-1.4383308600481373,0.293,0,0.306,0.39049999999999996,0.875,0.08449999999999996
CLE,2021,5,3,2,115.0,4.833291388329727,0.4497944104495967,1.8332913883297266,0.537,0,0.306,0.5795,2.125,0.2735
GSW,2021,6,7,-1,90.0,5.532444871527917,0.37046988847342854,-1.4675551284720827,0.646,5,0.542,0.5915,3.5,0.04949999999999999
GSW,2021,14,14,0,5.0,13.727672943645647,0.023992509176548132,-0.27232705635435295,0.646,5,0.542,0.5915,3.5,0.04949999999999999
TOR,2021,7,4,3,75.0,6.220128573375712,0.31798934800661227,2.220128573375712,0.585,1,0.375,0.5425,2.0,0.16749999999999998
CHI,2021,8,8,0,45.0,7.454175128752768,0.20181032425112705,-0.5458248712472322,0.561,1,0.431,0.5245,0.625,0.09349999999999997
SAC,2021,9,9,0,45.0,8.080708617960235,0.20181032425112705,-0.9192913820397646,0.366,0,0.431,0.4755,0.0,0.044499999999999984
CHA,2021,11,11,0,18.0,10.435289788757245,0.08457673644283376,-0.5647102112427547,0.524,0,0.458,0.4265,0.125,-0.03150000000000003
SAS,2021,12,12,0,17.0,11.318414466864331,0.08000997019770896,-0.681585533135669,0.415,0,0.458,0.3415,1.0,-0.11649999999999999
IND,2021,13,13,0,10.0,12.530253495916387,0.04760409463554484,-0.46974650408361285,0.305,0,0.472,0.366,0.625,-0.10599999999999998
GSW,2020,1,2,-1,140.0,3.66509894253385,0.5200367168889247,1.66509894253385,0.542,0,0.231,0.5750000000000001,3.0,0.3440000000000001
CLE,2020,2,5,-3,140.0,3.862682847234847,0.5200367168889247,-1.1373171527651529,0.306,0,0.292,0.48833333333333334,2.125,0.19633333333333336
MIN,2020,3,1,2,140.0,4.060266751935837,0.5200367168889247,3.0602667519358366,0.319,0,0.297,0.464,0.125,0.16700000000000004
ATL,2020,4,6,-2,125.0,4.434038019224532,0.4793803392223348,-1.5659619807754677,0.569,3,0.299,0.531,1.25,0.23200000000000004
DET,2020,5,7,-2,105.0,4.959068914790739,0.41982833656234153,-2.0409310852092606,0.278,0,0.303,0.255,0.25,-0.04799999999999999
NYK,2020,6,8,-2,90.0,5.5289866265204655,0.37097931705826837,-2.4710133734795345,0.569,1,0.318,0.531,0.125,0.21300000000000002
CHI,2020,7,4,3,75.0,6.2161441329915075,0.3184358133028502,2.2161441329915075,0.431,0,0.338,0.49333333333333335,0.625,0.15533333333333332
CHA,2020,8,3,5,60.0,7.041058754760695,0.26214613248597607,4.041058754760695,0.458,0,0.354,0.437,0.25,0.08300000000000002
WAS,2020,9,9,0,45.0,8.02552690497284,0.2021020484300228,-0.9744730950271592,0.472,1,0.347,0.442,1.0,0.09500000000000003
PHX,2020,10,10,0,30.0,9.192280894519387,0.13833873030538535,-0.8077191054806132,0.708,4,0.466,0.6789999999999999,0.5,0.2129999999999999
SAS,2020,11,11,0,20.0,10.348661531325252,0.0937999125119784,-0.6513384686747479,0.458,0,0.451,0.38033333333333336,1.625,-0.07066666666666666
SAC,2020,12,12,0,13.0,11.500544099650176,0.06167611238066699,-0.49945590034982423,0.431,0,0.431,0.4606666666666666,0.0,0.02966666666666662
MEM/VAN,2020,14,14,0,5.0,13.727302694726209,0.02402767534978432,-0.2726973052737911,0.528,1,0.466,0.6110000000000001,0.75,0.14500000000000007
NYK,2019,1,3,-2,140.0,3.6659431600784376,0.5195313028246746,0.6659431600784376,0.318,0,0.207,0.47775,0.25,0.27075000000000005
CLE,2019,2,5,-3,140.0,3.8641068338386426,0.5195313028246746,-1.1358931661613574,0.292,0,0.232,0.43925000000000003,2.125,0.20725000000000002
PHX,2019,3,6,-3,140.0,4.062270507598859,0.5195313028246746,-1.9377294924011412,0.466,0,0.232,0.62575,0.0,0.39375000000000004
CHI,2019,4,7,-3,125.0,4.436608813950809,0.4788987095470929,-2.5633911860491914,0.338,0,0.268,0.4545,0.875,0.1865
ATL,2019,5,8,-3,105.0,4.962191661996893,0.41939004400195423,-3.0378083380031073,0.299,0,0.354,0.473,1.0,0.119
WAS,2019,6,9,-3,90.0,5.532631387089035,0.3705825782011835,-3.467368612910965,0.347,0,0.39,0.41825,0.875,0.028249999999999997
MEM/VAN,2019,8,2,6,60.0,7.089823481797358,0.2618555681374585,5.089823481797358,0.466,0,0.402,0.57475,1.0,0.17274999999999996
DAL,2019,9,10,-1,60.0,7.618536939416728,0.2618555681374585,-2.381463060583272,0.573,0,0.402,0.56325,0.375,0.16125
MIN,2019,10,11,-1,30.0,9.1933630289459,0.13818239045248246,-1.8066369710541004,0.297,0,0.439,0.42225,0.125,-0.016749999999999987
LAL,2019,11,4,7,20.0,10.349606187995695,0.09369359288660478,6.349606187995695,0.732,5,0.451,0.56025,0.75,0.10925000000000001
CHA,2019,12,12,0,10.0,11.646823109300323,0.04761974487811947,-0.35317689069967706,0.354,0,0.476,0.41625,0.25,-0.05974999999999997
MIA,2019,13,13,0,10.0,12.5530157908683,0.04761974487811947,-0.4469842091316991,0.603,4,0.476,0.5855,2.0,0.10950000000000004
SAC,2019,14,14,0,10.0,13.459208472436247,0.04761974487811947,-0.5407915275637531,0.431,0,0.476,0.45325,0.0,-0.022749999999999992
PHX,2018,1,1,0,250.0,2.652965883294746,0.6402729785024232,1.6529658832947458,0.232,0,0.256,0.5469999999999999,0.0,0.2909999999999999
MEM/VAN,2018,2,4,-2,200.0,2.9822894464896503,0.556074864296308,-1.0177105535103497,0.402,0,0.268,0.5402,1.125,0.2722
DAL,2018,3,5,-2,138.0,3.5441183556979228,0.4222752178296959,-1.4558816443020772,0.402,0,0.293,0.531,0.5,0.23800000000000004
ATL,2018,4,3,1,137.0,3.8430090466718414,0.4198273796309712,0.8430090466718414,0.354,0,0.293,0.4492,1.125,0.1562
ORL,2018,5,6,-1,88.0,4.7002267500177695,0.2884581073786934,-1.2997732499822305,0.512,1,0.305,0.38780000000000003,0.25,0.08280000000000004
CHI,2018,6,7,-1,53.0,5.732673284054501,0.1813128618881915,-1.267326715945499,0.268,0,0.329,0.41720000000000007,1.0,0.08820000000000006
SAC,2018,7,2,5,53.0,6.392767359362456,0.1813128618881915,4.392767359362456,0.476,0,0.329,0.45779999999999993,0.0,0.12879999999999991
BKN,2018,8,8,0,28.0,7.630517970180939,0.0984709796718568,-0.36948202981906064,0.512,1,0.341,0.5502,0.625,0.2092
NYK,2018,9,9,0,17.0,8.744524647665457,0.060470819841973375,-0.25547535233454255,0.207,0,0.354,0.4236,0.375,0.0696
LAL,2018,10,10,0,11.0,9.81758535403673,0.03936433123617002,-0.18241464596327006,0.451,0,0.427,0.5384,0.375,0.1114
CHA,2018,11,11,0,8.0,10.848808453134374,0.028713388627047032,-0.15119154686562553,0.476,0,0.439,0.4282,0.25,-0.010799999999999976
DET,2018,12,12,0,7.0,11.83410787590699,0.025148801353765647,-0.16589212409300913,0.5,1,0.476,0.3136,0.25,-0.1624
LAC,2018,13,13,0,6.0,12.830082375686288,0.021577128177095447,-0.1699176243137117,0.585,1,0.512,0.5936,1.25,0.0816
DEN,2018,14,14,0,5.0,13.836783653964277,0.017998399612432478,-0.163216346035723,0.659,2,0.561,0.6346,0.5,0.0736
BKN,2017,1,1,0,250.0,2.6456421175830265,0.6403728069724952,1.6456421175830265,0.341,0,0.244,0.5153333333333333,0.5,0.2713333333333333
PHX,2017,2,4,-2,199.0,2.977750903058571,0.5542761274543423,-1.022249096941429,0.256,0,0.293,0.4985,0.0,0.20550000000000002
LAL,2017,3,2,1,156.0,3.4036983412919612,0.46481388463624995,1.4036983412919612,0.427,0,0.317,0.5198333333333333,0.625,0.20283333333333325
PHI,2017,4,5,-1,119.0,3.9652936492688307,0.37422668673705456,-1.0347063507311693,0.634,2,0.341,0.6345,0.625,0.2934999999999999
ORL,2017,5,6,-1,88.0,4.68443317940357,0.28850773657099765,-1.3155668205964304,0.305,0,0.354,0.37400000000000005,0.25,0.020000000000000073
MIN,2017,6,7,-1,53.0,5.712470915760015,0.1813451096540335,-1.287529084239985,0.573,1,0.378,0.45016666666666666,0.125,0.07216666666666666
NYK,2017,7,8,-1,53.0,6.369553117455091,0.1813451096540335,-1.6304468825449092,0.354,0,0.378,0.412,0.5,0.033999999999999975
SAC,2017,8,3,5,28.0,7.602650922348895,0.09848891367769191,4.602650922348895,0.329,0,0.39,0.4363333333333333,0.0,0.04633333333333328
DAL,2017,9,9,0,17.0,8.712546766438543,0.060481946474193846,-0.28745323356145747,0.293,0,0.402,0.49133333333333334,1.125,0.08933333333333332
CHA,2017,11,11,0,8.0,10.809125565467356,0.028718715643999325,-0.19087443453264363,0.439,0,0.439,0.43,0.25,-0.009000000000000008
DET,2017,12,12,0,7.0,11.790772670439397,0.025153471292357517,-0.20922732956060308,0.476,0,0.451,0.3406666666666667,0.125,-0.11033333333333334
DEN,2017,13,13,0,6.0,12.783075461880165,0.02158113851508987,-0.21692453811983547,0.561,0,0.488,0.6223333333333333,0.375,0.1343333333333333
MIA,2017,14,14,0,5.0,13.786085641441774,0.018001747831576168,-0.21391435855822571,0.537,1,0.5,0.5591666666666667,2.625,0.0591666666666667
PHI,2016,1,1,0,250.0,2.6455851758662936,0.640412815368183,1.6455851758662936,0.341,0,0.122,0.5925714285714285,0.375,0.47057142857142853
LAL,2016,2,2,0,199.0,2.977646877122144,0.5543148661550406,0.9776468771221438,0.317,0,0.207,0.4908571428571428,1.25,0.2838571428571428
BKN,2016,3,3,0,156.0,3.4035324086893057,0.4648485253021013,0.40353240868930573,0.244,0,0.256,0.4765714285714286,0.5,0.22057142857142858
PHX,2016,4,4,0,119.0,3.9650762072085204,0.37425554556264673,-0.03492379279147961,0.293,0,0.28,0.4691428571428572,0.375,0.18914285714285717
MIN,2016,5,5,0,88.0,4.684179027736289,0.28853031240908245,-0.31582097226371086,0.378,0,0.354,0.4398571428571429,0.0,0.08585714285714291
NYK,2016,7,7,0,43.0,6.537463887477298,0.1488189689553407,-0.4625361125227023,0.378,0,0.39,0.40714285714285714,0.5,0.017142857142857126
SAC,2016,8,8,0,19.0,7.820394165969009,0.06746517204168181,-0.1796058340309914,0.39,0,0.402,0.4297142857142857,0.0,0.02771428571428569
DEN,2016,9,9,0,19.0,8.6875964639764,0.06746517204168181,-0.3124035360236004,0.488,0,0.402,0.6031428571428572,0.5,0.20114285714285718
MIL,2016,10,10,0,18.0,9.585921286532333,0.0639796141740421,-0.4140787134676671,0.512,1,0.402,0.6451428571428571,0.5,0.2431428571428571
ORL,2016,11,11,0,8.0,10.809113223105676,0.02872093292621495,-0.19088677689432387,0.354,0,0.427,0.3711428571428571,0.625,-0.05585714285714288
UTA,2016,12,12,0,7.0,11.790758355599747,0.025155412203516532,-0.20924164440025272,0.622,2,0.488,0.5998571428571429,0.625,0.11185714285714288
WAS,2016,13,13,0,6.0,12.783060051024888,0.021582802809023457,-0.21693994897511182,0.598,2,0.5,0.455,0.75,-0.044999999999999984
CHI,2016,14,14,0,5.0,13.786070014500588,0.018003135272499134,-0.2139299854994121,0.5,2,0.512,0.4164285714285714,1.5,-0.09557142857142858
MIN,2015,1,1,0,250.0,2.6453988815397675,0.640550900186089,1.6453988815397675,0.354,0,0.195,0.429125,0.0,0.23412499999999997
NYK,2015,2,4,-2,199.0,2.9773494756583556,0.5544458056518548,-1.0226505243416444,0.39,0,0.207,0.405,0.5,0.19800000000000004
PHI,2015,3,3,0,156.0,3.4031092636589597,0.4649642763903354,0.4031092636589597,0.122,0,0.22,0.5337500000000001,0.5,0.3137500000000001
LAL,2015,4,2,2,119.0,3.9645479898544327,0.37435126324834894,1.9645479898544327,0.207,0,0.256,0.455375,1.875,0.19937499999999997
ORL,2015,5,5,0,88.0,4.683576746017335,0.28860481035257424,-0.3164232539826646,0.427,0,0.305,0.378125,1.125,0.073125
SAC,2015,6,6,0,63.0,5.548022865564858,0.21311937684664184,-0.4519771344351424,0.402,0,0.354,0.42625,0.0,0.07225000000000004
DEN,2015,7,7,0,43.0,6.536808133918408,0.14885718434796708,-0.46319186608159235,0.402,0,0.366,0.5780000000000001,0.875,0.21200000000000008
DET,2015,8,8,0,28.0,7.602527892001192,0.09852172144208043,-0.3974721079988077,0.537,1,0.39,0.379,0.25,-0.01100000000000001
CHA,2015,9,9,0,17.0,8.712457055014408,0.060501978163225625,-0.2875429449855922,0.585,1,0.402,0.4505,0.375,0.04849999999999999
MIA,2015,10,10,0,11.0,9.78161467440419,0.03938460743479916,-0.21838532559580948,0.585,2,0.451,0.555,2.75,0.10400000000000004
IND,2015,11,11,0,8.0,10.809065475010229,0.02872817503435114,-0.19093452498977115,0.549,1,0.463,0.506375,1.25,0.043375
UTA,2015,12,12,0,7.0,11.79070713287019,0.025161750928581507,-0.20929286712980932,0.488,0,0.463,0.585875,0.5,0.12287500000000001
PHX,2015,13,13,0,6.0,12.78300778317856,0.021588237547686163,-0.2169922168214402,0.28,0,0.476,0.4455,0.375,-0.03049999999999997
OKC/SEA,2015,14,14,0,5.0,13.78601914314443,0.018007665454612035,-0.21398085685557078,0.671,3,0.549,0.515625,2.0,-0.033375000000000044
MIL,2014,1,2,-1,250.0,2.6459429934475205,0.6401630644852268,0.6459429934475205,0.5,1,0.183,0.588875,0.375,0.40587500000000004
PHI,2014,2,3,-1,199.0,2.978274452549272,0.5540718475726634,-0.021725547450727856,0.22,0,0.232,0.47887500000000005,0.625,0.24687500000000004
ORL,2014,3,4,-1,156.0,3.404553597370076,0.4646306032567911,-0.595446402629924,0.305,0,0.28,0.364375,1.375,0.08437499999999998
UTA,2014,4,5,-1,104.0,4.111449146110604,0.33371888263227667,-0.888550853889396,0.463,0,0.305,0.5873750000000001,0.75,0.2823750000000001
BOS,2014,5,6,-1,103.0,4.532685886543051,0.33095442635133443,-1.4673141134569487,0.488,1,0.305,0.5971249999999999,2.25,0.2921249999999999
LAL,2014,6,7,-1,63.0,5.548265180762932,0.21295874016564648,-1.4517348192370676,0.256,0,0.329,0.421875,2.375,0.09287499999999999
SAC,2014,7,8,-1,43.0,6.537084049572589,0.148745314836838,-1.4629159504274112,0.354,0,0.341,0.397375,0.0,0.05637499999999995
DET,2014,8,9,-1,28.0,7.6027755764341975,0.09844804365013962,-1.3972244235658025,0.39,0,0.354,0.40187500000000004,0.5,0.047875000000000056
CLE,2014,9,1,8,17.0,8.712639398802455,0.06045695817805628,7.712639398802455,0.646,4,0.402,0.4925,1.375,0.09049999999999997
DEN,2014,11,11,0,8.0,10.80919138666541,0.028706902946978932,-0.19080861333459076,0.366,0,0.439,0.543,1.0,0.10400000000000004
NYK,2014,12,12,0,7.0,11.790848986934796,0.02514313063428095,-0.20915101306520434,0.207,0,0.451,0.35925,0.5,-0.09175
MIN,2014,13,13,0,6.0,12.783157604647172,0.021572271306424345,-0.21684239535282757,0.195,0,0.488,0.3895,0.0,-0.09849999999999998
PHX,2014,14,14,0,5.0,13.786168922989393,0.017994355427060963,-0.21383107701060666,0.476,0,0.585,0.436375,0.5,-0.14862499999999995
ORL,2013,1,2,-1,250.0,2.64553772053647,0.64044854605958,0.6455377205364701,0.28,0,0.244,0.365875,1.5,0.12187500000000001
CHA,2013,2,4,-2,199.0,2.9775747625621873,0.5543485503128337,-1.0224252374378127,0.524,1,0.256,0.45962499999999995,0.25,0.20362499999999994
CLE,2013,3,1,2,156.0,3.403434340755651,0.46487820530073176,2.403434340755651,0.402,0,0.293,0.47562499999999996,1.375,0.18262499999999998
PHX,2013,4,5,-1,119.0,3.964956398131158,0.37428003679766775,-1.0350436018688418,0.585,0,0.305,0.412,0.75,0.10699999999999998
SAC,2013,6,7,-1,63.0,5.548523569527658,0.21307842048018655,-1.4514764304723418,0.341,0,0.341,0.39425,0.0,0.053249999999999964
DET,2013,7,8,-1,36.0,6.678168256934801,0.12556501285953375,-1.3218317430651991,0.354,0,0.354,0.41112499999999996,0.875,0.05712499999999998
WAS,2013,8,3,5,35.0,7.4592601813014525,0.12220971383261453,4.4592601813014525,0.537,2,0.354,0.491125,0.5,0.137125
MIN,2013,9,9,0,17.0,8.71250971692705,0.0604905472369302,-0.28749028307295,0.488,0,0.378,0.380375,0.0,0.002375000000000016
POR,2013,10,10,0,11.0,9.781654846088617,0.03937719369655432,-0.21834515391138254,0.659,2,0.402,0.57725,0.625,0.17525000000000002
PHI,2013,11,11,0,8.0,10.809100464476854,0.02872277784935907,-0.19089953552314576,0.232,0,0.415,0.430125,0.625,0.015125
TOR,2013,12,12,0,7.0,11.790744949067205,0.025157026939553247,-0.20925505093279462,0.585,1,0.415,0.62825,0.375,0.21325
DAL,2013,13,13,0,6.0,12.783046580900518,0.02158418721886877,-0.2169534190994824,0.598,1,0.5,0.496625,1.5,-0.003375000000000017
UTA,2013,14,14,0,5.0,13.786057068236099,0.01800428922546677,-0.213942931763901,0.305,0,0.524,0.5507500000000001,1.125,0.02675000000000005
CHA,2012,1,2,-1,250.0,2.6466307611597397,0.6396794138949575,0.6466307611597397,0.256,0,0.106,0.434375,0.125,0.32837500000000003
WAS,2012,2,3,-1,199.0,2.9793880043095666,0.5536020449536261,-0.02061199569043337,0.354,0,0.303,0.476375,0.375,0.173375
CLE,2012,3,4,-1,138.0,3.5342730114764676,0.42178475771725255,-0.46572698852353245,0.293,0,0.318,0.47400000000000003,1.625,0.15600000000000003
SAC,2012,5,5,0,76.0,4.838991749553751,0.25262825286266055,-0.16100825044624933,0.341,0,0.333,0.383,0.125,0.04999999999999999
BKN,2012,6,6,0,75.0,5.390398172568782,0.24961346270969048,-0.6096018274312183,0.598,1,0.333,0.42962500000000003,0.625,0.09662500000000002
GSW,2012,7,7,0,36.0,6.678497514486379,0.1253750736974517,-0.32150248551362104,0.573,2,0.348,0.669,0.5,0.32100000000000006
TOR,2012,8,8,0,35.0,7.459938142524422,0.12202490336888278,-0.5400618574755782,0.415,0,0.348,0.63325,0.25,0.28525
DET,2012,9,9,0,17.0,8.712865218546185,0.06039969660414709,-0.28713478145381544,0.354,0,0.379,0.42062499999999997,1.25,0.04162499999999997
MIN,2012,10,10,0,11.0,9.781930451075446,0.03931822848600332,-0.21806954892455366,0.378,0,0.394,0.38775000000000004,0.0,-0.006249999999999978
POR,2012,11,11,0,8.0,10.809348703366094,0.02867983610652458,-0.1906512966339058,0.402,0,0.424,0.554625,0.375,0.13062500000000005
MIL,2012,12,12,0,7.0,11.79102777516916,0.025119436953334667,-0.20897222483083944,0.463,1,0.47,0.512,0.375,0.04200000000000004
PHX,2012,13,13,0,6.0,12.78334754199571,0.02155195395159565,-0.21665245800429034,0.305,0,0.5,0.36162500000000003,1.125,-0.13837499999999997
HOU,2012,14,14,0,5.0,13.786359643546373,0.01797741743762544,-0.21364035645362733,0.549,1,0.515,0.639,0.625,0.124
MIN,2011,1,2,-1,250.0,2.645767794991442,0.6402835922323469,0.6457677949914422,0.394,0,0.207,0.399875,0.0,0.192875
CLE,2011,2,4,-2,199.0,2.977969638304996,0.5541900025368401,-1.0220303616950042,0.318,0,0.232,0.47724999999999995,1.625,0.24524999999999994
TOR,2011,3,5,-2,156.0,3.4040419282825116,0.46473698908651595,-1.5959580717174884,0.348,0,0.268,0.58475,0.25,0.31675
WAS,2011,4,6,-2,119.0,3.9657412578310103,0.3741626862830272,-2.0342587421689897,0.303,0,0.28,0.470875,0.625,0.19087499999999996
SAC,2011,5,7,-2,76.0,4.838648571997488,0.25293153046577266,-2.1613514280025123,0.333,0,0.293,0.37074999999999997,0.25,0.07774999999999999
BKN,2011,6,3,3,75.0,5.389490330934323,0.2499131716376521,2.389490330934323,0.333,0,0.293,0.41050000000000003,0.625,0.11750000000000005
DET,2011,7,8,-1,43.0,6.537012282695502,0.14878150993859515,-1.4629877173044976,0.379,0,0.366,0.430125,1.75,0.06412499999999999
LAC,2011,8,1,7,28.0,7.6027065304467,0.0984719156336506,6.6027065304467,0.606,2,0.39,0.629,0.5,0.239
CHA,2011,9,9,0,17.0,8.712587798430912,0.0604715592788101,-0.2874122015690883,0.106,0,0.415,0.403375,0.125,-0.011624999999999996
MIL,2011,10,10,0,11.0,9.781715053145128,0.03936487394188988,-0.21828494685487243,0.47,0,0.427,0.47487500000000005,0.25,0.047875000000000056
GSW,2011,11,11,0,8.0,10.809154118672872,0.02871380738547949,-0.1908458813271281,0.348,0,0.439,0.6836249999999999,0.25,0.24462499999999993
UTA,2011,12,12,0,7.0,11.790805100567155,0.025149174874283645,-0.20919489943284475,0.545,1,0.476,0.51775,1.125,0.041750000000000065
PHX,2011,13,13,0,6.0,12.783109899901936,0.02157745446651447,-0.2168901000980643,0.5,0,0.488,0.365875,1.5,-0.12212499999999998
HOU,2011,14,14,0,5.0,13.786120210540721,0.01799867665862139,-0.21387978945927877,0.515,0,0.524,0.627,0.625,0.10299999999999998
BKN,2010,1,3,-2,250.0,2.6462606081910165,0.6399300041134586,-0.3537393918089835,0.293,0,0.146,0.38312500000000005,0.875,0.23712500000000006
MIN,2010,2,4,-2,199.0,2.9787949778022424,0.5538500456743107,-1.0212050221977576,0.207,0,0.183,0.370875,0.375,0.18787500000000001
SAC,2010,3,5,-2,156.0,3.4053129093306955,0.46443412535580514,-1.5946870906693045,0.293,0,0.305,0.34787500000000005,0.5,0.04287500000000005
GSW,2010,4,6,-2,104.0,4.112375300604242,0.33357278461472256,-1.887624699395758,0.439,0,0.317,0.651625,0.25,0.334625
WAS,2010,5,1,4,103.0,4.5338240317400995,0.3308094895815848,3.5338240317400995,0.28,0,0.317,0.457125,0.625,0.140125
PHI,2010,6,2,4,53.0,5.712851599041082,0.18118988145940423,3.712851599041082,0.5,1,0.329,0.37424999999999997,0.5,0.04524999999999996
DET,2010,7,7,0,53.0,6.370220854913954,0.18118988145940423,-0.6297791450860464,0.366,0,0.329,0.413375,2.375,0.08437499999999998
LAC,2010,8,8,0,23.0,7.723106331679491,0.08125734774940047,-0.27689366832050943,0.39,0,0.354,0.604625,0.25,0.250625
NYK,2010,9,9,0,22.0,8.591341920207226,0.07780498576725592,-0.40865807979277413,0.512,1,0.354,0.43700000000000006,0.25,0.08300000000000007
IND,2010,10,10,0,11.0,9.781845960811706,0.039338432102617116,-0.21815403918829368,0.451,1,0.39,0.5605,0.875,0.17049999999999998
MEM/VAN,2010,12,12,0,7.0,11.79093491232274,0.025132321682003276,-0.20906508767725995,0.561,2,0.488,0.55625,0.625,0.06825000000000003
TOR,2010,13,13,0,6.0,12.783246119184287,0.02156300362703044,-0.21675388081571256,0.268,0,0.488,0.529875,0.25,0.041874999999999996
HOU,2010,14,14,0,5.0,13.786255725491099,0.017986630068824443,-0.2137442745089011,0.524,0,0.512,0.61175,0.75,0.09975
SAC,2009,1,4,-3,250.0,2.646652837565907,0.6397001915493359,-1.3533471624340931,0.305,0,0.207,0.34487500000000004,0.75,0.13787500000000005
WAS,2009,2,5,-3,178.0,3.090810643025227,0.5120037406746708,-1.9091893569747729,0.317,0,0.232,0.43124999999999997,0.625,0.19924999999999995
LAC,2009,3,1,2,177.0,3.286929967179709,0.5099259953929461,2.286929967179709,0.354,0,0.232,0.5848749999999999,0.25,0.35287499999999994
OKC/SEA,2009,4,3,1,119.0,3.9650991340322985,0.3737100372816051,0.9650991340322985,0.61,1,0.28,0.65475,0.375,0.37475
MIN,2009,5,6,-1,76.0,4.838374458354019,0.25261645462918836,-1.1616255416459813,0.183,0,0.293,0.322125,0.5,0.029125000000000012
MEM/VAN,2009,6,2,4,75.0,5.389882640014024,0.2496017377330994,3.389882640014024,0.488,0,0.293,0.58375,0.375,0.29075
GSW,2009,7,7,0,43.0,6.5373657479548735,0.1485950662883879,-0.46263425204512654,0.317,0,0.354,0.602875,0.25,0.24887500000000007
NYK,2009,8,8,0,28.0,7.603057996716837,0.09834869850158934,-0.3969420032831632,0.354,0,0.39,0.437,0.125,0.046999999999999986
TOR,2009,9,9,0,17.0,8.712856114790714,0.060396088121118664,-0.2871438852092858,0.488,0,0.402,0.500875,0.25,0.09887499999999994
MIL,2009,10,10,0,10.0,9.813561032264905,0.03577708235849943,-0.1864389677350946,0.561,1,0.415,0.43975,0.5,0.024749999999999994
BKN,2009,11,11,0,9.0,10.7776097983716,0.03223115235443404,-0.22239020162840006,0.146,0,0.415,0.35875,1.375,-0.05624999999999997
CHA,2009,12,12,0,7.0,11.791028640379814,0.02511789462854612,-0.2089713596201861,0.537,1,0.427,0.408,0.16666666666666666,-0.019000000000000017
IND,2009,13,13,0,6.0,12.783355415154869,0.021550627276186732,-0.21664458484513105,0.39,0,0.439,0.5361250000000001,0.875,0.09712500000000007
PHX,2009,14,14,0,5.0,13.786372771964327,0.01797630799654816,-0.2136272280356728,0.659,3,0.561,0.44825,1.625,-0.11275000000000007
MIA,2008,1,2,-1,250.0,2.6464926827686224,0.6397811177809484,0.6464926827686224,0.524,1,0.183,0.6251249999999999,1.5,0.44212499999999993
OKC/SEA,2008,2,4,-2,199.0,2.979164028424484,0.5536986675788811,-1.020835971575516,0.28,0,0.244,0.6181249999999999,0.375,0.37412499999999993
MIN,2008,3,3,0,138.0,3.5339582550880904,0.42186367320154994,0.5339582550880904,0.293,0,0.268,0.3115,0.625,0.04349999999999998
MEM/VAN,2008,4,5,-1,137.0,3.831633835917782,0.4194177963173229,-1.1683661640822178,0.293,0,0.268,0.554875,0.375,0.286875
NYK,2008,5,6,-1,76.0,4.838543946467176,0.2526766244246452,-1.1614560535328238,0.39,0,0.28,0.4385,0.125,0.15849999999999997
LAC,2008,6,7,-1,75.0,5.389878392447354,0.24966125722809035,-1.6101216075526459,0.232,0,0.28,0.536125,0.25,0.25612499999999994
MIL,2008,7,8,-1,43.0,6.5373358561313255,0.14863149367824763,-1.4626641438686745,0.415,0,0.317,0.427625,0.375,0.11062499999999997
CHA,2008,8,9,-1,28.0,7.603009437545826,0.09837299209783248,-1.3969905624541736,0.427,0,0.39,0.4065,0.0,0.01649999999999996
CHI,2008,9,1,8,17.0,8.7128129158745,0.060411060978213874,7.712812915874499,0.5,1,0.402,0.59625,0.625,0.19424999999999992
BKN,2008,10,10,0,11.0,9.781890547568446,0.0393255994137161,-0.21810945243155366,0.415,0,0.415,0.380125,1.875,-0.03487499999999999
IND,2008,11,11,0,8.0,10.809313939518153,0.02868520225585782,-0.19068606048184655,0.439,0,0.439,0.527,1.0,0.08800000000000002
SAC,2008,12,12,0,7.0,11.790990189844136,0.025124133816049932,-0.20900981015586417,0.207,0,0.463,0.322,1.125,-0.14100000000000001
POR,2008,13,13,0,6.0,12.783308971455195,0.021555981055301144,-0.2166910285448047,0.659,1,0.5,0.56225,0.375,0.06225000000000003
GSW,2008,14,14,0,5.0,13.786321932972498,0.01798077433451507,-0.21367806702750158,0.354,0,0.585,0.545,0.25,-0.039999999999999925
MEM/VAN,2007,1,4,-3,250.0,2.64582818898966,0.6402349157386326,-1.3541718110103398,0.268,0,0.268,0.524375,0.375,0.256375
BOS,2007,2,5,-3,199.0,2.9780480226441983,0.5541453750813883,-2.0219519773558017,0.805,5,0.293,0.593,1.5,0.3
MIL,2007,3,6,-3,156.0,3.4041211648829264,0.4646982986258712,-2.5958788351170736,0.317,0,0.341,0.417,0.75,0.07599999999999996
ATL,2007,4,3,1,119.0,3.9658215014522056,0.3741311033640108,0.9658215014522056,0.451,1,0.366,0.568125,0.125,0.202125
OKC/SEA,2007,5,2,3,88.0,4.685035061897189,0.2884333407449666,2.6850350618971888,0.244,0,0.378,0.5647500000000001,0.375,0.18675000000000008
MIN,2007,6,7,-1,53.0,5.713085588707464,0.18129845725435478,-1.2869144112925364,0.268,0,0.39,0.30074999999999996,0.75,-0.08925000000000005
POR,2007,7,1,6,53.0,6.370240392703228,0.18129845725435478,5.370240392703228,0.5,0,0.39,0.557625,0.375,0.16762500000000002
CHA,2007,8,8,0,19.0,7.82045197531257,0.06744282569978156,-0.17954802468743036,0.39,0,0.402,0.382125,0.0,-0.01987500000000003
NYK,2007,9,9,0,19.0,8.687694425580752,0.06744282569978156,-0.31230557441924844,0.28,0,0.402,0.42475000000000007,0.25,0.022750000000000048
SAC,2007,10,10,0,18.0,9.58604992246954,0.06395843416486247,-0.4139500775304601,0.463,0,0.402,0.329625,1.375,-0.07237500000000002
IND,2007,11,11,0,8.0,10.809173244491445,0.02871148255421528,-0.19082675550855477,0.439,0,0.427,0.51325,1.125,0.08625
PHI,2007,12,12,0,7.0,11.790823823964988,0.025147140449051895,-0.2091761760350117,0.488,1,0.427,0.40175,1.125,-0.025249999999999995
LAC,2007,14,14,0,5.0,13.78613645052404,0.017997223265725892,-0.21386354947595976,0.28,0,0.488,0.490375,0.25,0.002375000000000016
POR,2006,1,4,-3,250.0,2.6464424568350626,0.63981445134167,-1.3535575431649374,0.39,0,0.256,0.528625,0.75,0.272625
NYK,2006,2,2,0,199.0,2.9790666755033834,0.5537317826600969,0.9790666755033834,0.402,0,0.28,0.449125,0.625,0.16912499999999997
CHA,2006,3,3,0,138.0,3.5337894677324018,0.4218916060807926,0.5337894677324018,0.402,0,0.317,0.382125,0.0,0.06512499999999999
ATL,2006,4,5,-1,137.0,3.831400176558921,0.4194455995650733,-1.1685998234410788,0.366,0,0.317,0.522375,0.0,0.20537500000000003
TOR,2006,5,1,4,88.0,4.684712415516473,0.2881878275032215,3.684712415516473,0.573,1,0.329,0.44737499999999997,0.625,0.11837499999999995
MIN,2006,6,6,0,53.0,5.712819022442287,0.18114316275078496,-0.2871809775577132,0.39,0,0.402,0.325125,0.875,-0.07687500000000003
BOS,2006,7,7,0,53.0,6.370306806129468,0.18114316275078496,-0.6296931938705317,0.293,0,0.402,0.568625,0.875,0.16662500000000002
HOU,2006,8,8,0,23.0,7.723130991314812,0.08123638690365095,-0.27686900868518816,0.634,1,0.415,0.58875,0.375,0.17375000000000002
GSW,2006,9,9,0,22.0,8.591413878416173,0.07778491865215735,-0.4085861215838271,0.512,2,0.415,0.46874999999999994,0.25,0.053749999999999964
OKC/SEA,2006,10,10,0,11.0,9.781880974351116,0.039328310682734374,-0.21811902564888364,0.378,0,0.427,0.5433749999999999,0.5,0.11637499999999995
ORL,2006,11,11,0,8.0,10.809304651952262,0.028687177431493315,-0.19069534804773802,0.488,1,0.439,0.535125,0.5,0.09612499999999996
PHI,2006,13,13,0,6.0,12.783295682664608,0.021557464014165834,-0.21670431733539175,0.427,0,0.463,0.427625,1.25,-0.035375000000000045
UTA,2006,14,14,0,5.0,13.78630796781366,0.01798201076715144,-0.2136920321863407,0.622,3,0.5,0.54525,1.0,0.04525000000000001
ATL,2005,1,2,-1,250.0,2.6464414655332726,0.6398511733594185,0.6464414655332726,0.317,0,0.159,0.5041249999999999,0.25,0.3451249999999999
CHA,2005,3,5,-2,177.0,3.2863600712769654,0.5100645055400693,-1.7136399287230346,0.317,0,0.22,0.35625,0.0,0.13625
POR,2005,4,3,1,119.0,3.9643662367924057,0.37381769427609735,0.9643662367924057,0.256,0,0.329,0.47824999999999995,1.125,0.14924999999999994
UTA,2005,5,6,-1,88.0,4.684002247758619,0.28818447799638164,-1.3159977522413806,0.5,0,0.317,0.569625,0.875,0.25262500000000004
MIL,2005,6,1,5,63.0,5.5488087434130575,0.2128064724064651,4.5488087434130575,0.488,1,0.366,0.43525,1.0,0.06925000000000003
TOR,2005,7,7,0,36.0,6.6784109364332975,0.12540452926587306,-0.32158906356670247,0.329,0,0.402,0.415375,0.5,0.01337499999999997
NYK,2005,8,8,0,35.0,7.459837989410943,0.1220535352679705,-0.5401620105890572,0.28,0,0.402,0.42775,1.125,0.025749999999999995
GSW,2005,9,9,0,14.0,8.796507653074334,0.04990316235004896,-0.20349234692566576,0.415,0,0.415,0.44287499999999996,0.0,0.027874999999999983
LAL,2005,10,10,0,14.0,9.69774403043813,0.04990316235004896,-0.3022559695618696,0.549,1,0.415,0.638625,3.0,0.22362500000000002
ORL,2005,11,11,0,8.0,10.809291955500095,0.028686321162618045,-0.19070804449990497,0.439,0,0.439,0.5549999999999999,0.5,0.11599999999999994
LAC,2005,12,12,0,7.0,11.790973637707035,0.02512510864808437,-0.20902636229296512,0.573,2,0.451,0.45075000000000004,0.25,-0.00024999999999997247
CLE,2005,13,13,0,6.0,12.783297351772262,0.021556813017397383,-0.21670264822773788,0.61,2,0.512,0.520125,0.25,0.008124999999999938
MIN,2005,14,14,0,5.0,13.786314746106587,0.017981464630758576,-0.21368525389341286,0.402,0,0.537,0.314375,1.0,-0.22262500000000002
ORL,2004,1,1,0,250.0,2.6444690821643038,0.641229528934111,1.6444690821643038,0.439,0,0.256,0.579375,0.5,0.32337499999999997
CHI,2004,2,3,-1,200.0,2.9707345160225556,0.5569824215564487,-0.02926548397744444,0.573,1,0.28,0.573375,0.75,0.29337499999999994
ATL,2004,3,5,-2,157.0,3.3931233184620573,0.4678137441663125,-1.6068766815379427,0.159,0,0.341,0.456875,0.375,0.11587499999999995
WAS,2004,4,4,0,105.0,4.094188491647759,0.33715798702237765,0.09418849164775889,0.549,2,0.305,0.402125,0.25,0.09712500000000002
LAC,2004,5,2,3,104.0,4.51024260593935,0.33439743350244633,2.51024260593935,0.451,0,0.341,0.42175,0.0,0.08074999999999999
PHX,2004,6,6,0,64.0,5.518335363068763,0.2165230633084847,-0.48166463693123696,0.756,3,0.354,0.62975,1.125,0.27575000000000005
TOR,2004,7,7,0,37.0,6.640155280255415,0.1291024134892079,-0.35984471974458465,0.402,0,0.402,0.41375,0.5,0.011749999999999983
PHI,2004,8,8,0,36.0,7.414673203161463,0.12575003483685193,-0.5853267968385367,0.524,1,0.402,0.470125,1.5,0.06812499999999999
CLE,2004,9,9,0,18.0,8.659783643656626,0.06407723557397857,-0.3402163563433742,0.512,0,0.427,0.5475,0.125,0.1205
GSW,2004,10,10,0,9.0,9.816406218961589,0.03232832258943262,-0.18359378103841095,0.415,0,0.451,0.423125,0.0,-0.02787500000000004
OKC/SEA,2004,11,11,0,9.0,10.752058536907121,0.03232832258943262,-0.24794146309287868,0.634,2,0.451,0.4945,0.75,0.04349999999999998
POR,2004,12,12,0,6.0,11.804363205160046,0.02161549363164621,-0.19563679483995422,0.329,0,0.5,0.46912499999999996,1.25,-0.03087500000000004
UTA,2004,13,13,0,5.0,12.803794190985265,0.018030385879731332,-0.19620580901473517,0.317,0,0.512,0.5437500000000001,1.375,0.031750000000000056
CLE,2003,1,1,0,225.0,2.7469359989519537,0.6013618767228578,1.7469359989519537,0.427,0,0.207,0.561125,0.125,0.354125
DEN,2003,2,3,-1,225.0,2.8619954961060112,0.6013618767228578,-0.13800450389398877,0.524,1,0.207,0.5916250000000001,0.125,0.3846250000000001
TOR,2003,3,4,-1,157.0,3.390394242603428,0.46762866876062237,-0.6096057573965719,0.402,0,0.293,0.42050000000000004,0.5,0.12750000000000006
MIA,2003,4,5,-1,120.0,3.9469184818528866,0.37727530389785713,-1.0530815181471134,0.512,2,0.305,0.54875,1.25,0.24374999999999997
LAC,2003,5,6,-1,89.0,4.660111052177374,0.2917373969167935,-1.339888947822626,0.341,0,0.329,0.388625,0.125,0.059624999999999984
MEM/VAN,2003,6,2,4,64.0,5.517931625486323,0.21640833771444073,3.517931625486323,0.61,1,0.341,0.454375,0.125,0.11337499999999995
CHI,2003,7,7,0,44.0,6.499508152558431,0.15226143351728455,-0.5004918474415687,0.28,0,0.366,0.513625,1.25,0.147625
ATL,2003,8,8,0,29.0,7.557705305713007,0.10200600337737589,-0.44229469428699275,0.341,0,0.427,0.42375,0.625,-0.003249999999999975
NYK,2003,9,9,0,15.0,8.743415586936433,0.053529853000036334,-0.2565844130635675,0.476,1,0.451,0.387,1.625,-0.064
WAS,2003,10,10,0,14.0,9.668977325863768,0.0500113609096744,-0.3310226741362321,0.305,0,0.451,0.40237500000000004,0.125,-0.048624999999999974
GSW,2003,11,11,0,7.0,10.815722003372944,0.025179271457569253,-0.18427799662705624,0.451,0,0.463,0.436,0.0,-0.027000000000000024
OKC/SEA,2003,12,12,0,6.0,11.804457566744507,0.021603243898236757,-0.19554243325549336,0.451,0,0.488,0.461875,0.75,-0.02612500000000001
HOU,2003,13,13,0,5.0,12.803901176130493,0.01802016126438896,-0.19609882386950694,0.549,1,0.524,0.571625,0.75,0.04762500000000003
GSW,2002,1,3,-2,225.0,2.7469359989519537,0.6013618767228578,-0.25306400104804627,0.463,0,0.256,0.439,0.0,0.183
CHI,2002,2,2,0,225.0,2.8619954961060112,0.6013618767228578,0.8619954961060112,0.366,0,0.256,0.464875,1.875,0.20887499999999998
MEM/VAN,2002,3,4,-1,157.0,3.390394242603428,0.46762866876062237,-0.6096057573965719,0.341,0,0.28,0.426875,0.0,0.14687499999999998
DEN,2002,4,5,-1,120.0,3.9469184818528866,0.37727530389785713,-1.0530815181471134,0.207,0,0.329,0.54125,0.0,0.21225
HOU,2002,5,1,4,89.0,4.660111052177374,0.2917373969167935,3.660111052177374,0.524,0,0.341,0.571625,0.875,0.23062500000000002
CLE,2002,6,6,0,64.0,5.517931625486323,0.21640833771444073,-0.4820683745136769,0.207,0,0.354,0.558,0.25,0.20400000000000007
NYK,2002,7,7,0,44.0,6.499508152558431,0.15226143351728455,-0.5004918474415687,0.451,0,0.366,0.37937499999999996,1.75,0.01337499999999997
ATL,2002,8,8,0,29.0,7.557705305713007,0.10200600337737589,-0.44229469428699275,0.427,0,0.402,0.41,0.875,0.007999999999999952
PHX,2002,9,9,0,15.0,8.743415586936433,0.053529853000036334,-0.2565844130635675,0.537,1,0.439,0.617625,1.0,0.17862499999999998
MIA,2002,10,10,0,14.0,9.668977325863768,0.0500113609096744,-0.3310226741362321,0.305,0,0.439,0.4985,1.125,0.0595
WAS,2002,11,11,0,7.0,10.815722003372944,0.025179271457569253,-0.18427799662705624,0.451,0,0.451,0.42374999999999996,0.125,-0.027250000000000052
LAC,2002,12,12,0,6.0,11.804457566744507,0.021603243898236757,-0.19554243325549336,0.329,0,0.476,0.381,0.125,-0.09499999999999997
MIL,2002,13,13,0,5.0,12.803901176130493,0.01802016126438896,-0.19609882386950694,0.512,1,0.5,0.4375,0.75,-0.0625
CHI,2001,1,4,-3,250.0,2.6437717256947826,0.6417307590444317,-1.3562282743052174,0.256,0,0.183,0.434375,2.125,0.251375
GSW,2001,2,5,-3,200.0,2.969560595369627,0.5574651315844886,-2.030439404630373,0.256,0,0.207,0.431375,0.0,0.22437500000000002
WAS,2001,3,1,2,157.0,3.3913179740158697,0.468244611757054,2.3913179740158697,0.451,0,0.232,0.4405,0.125,0.2085
MEM/VAN,2001,4,6,-2,120.0,3.947394421224894,0.37780828105312425,-2.052605578775106,0.28,0,0.28,0.40087500000000004,0.0,0.12087500000000001
ATL,2001,5,3,2,89.0,4.660067380180909,0.29216559909594964,1.6600673801809087,0.402,0,0.305,0.3795,1.0,0.07450000000000001
BKN,2001,6,7,-1,64.0,5.517529212062907,0.21673213975451153,-1.4824707879370926,0.634,4,0.317,0.530625,0.625,0.213625
CLE,2001,7,8,-1,44.0,6.498947120551113,0.152491266604447,-1.5010528794488867,0.354,0,0.366,0.50925,0.375,0.14325
LAC,2001,8,2,6,29.0,7.557132998272866,0.1021604580719488,5.557132998272866,0.476,0,0.378,0.39625,0.125,0.01824999999999999
DET,2001,9,9,0,18.0,8.659466614586671,0.06413826780579661,-0.34053338541332856,0.61,2,0.39,0.645,0.75,0.255
BOS,2001,10,10,0,11.0,9.752773172610665,0.039471905338370056,-0.2472268273893352,0.598,3,0.439,0.5473750000000001,0.5,0.10837500000000005
DEN,2001,11,11,0,7.0,10.815488748647198,0.02521738504736129,-0.18451125135280222,0.329,0,0.488,0.501625,0.0,0.013624999999999998
OKC/SEA,2001,12,12,0,6.0,11.80419092825771,0.021635939798736282,-0.19580907174228912,0.549,1,0.537,0.431375,1.375,-0.10562500000000002
HOU,2001,13,13,0,5.0,12.803619524068226,0.018047430061465673,-0.19638047593177355,0.341,0,0.549,0.55025,1.5,0.0012499999999999734
LAC,2000,1,3,-2,250.0,2.65784622429205,0.6419404611257541,-0.34215377570795,0.378,0,0.183,0.41450000000000004,0.125,0.23150000000000004
CHI,2000,2,4,-2,200.0,2.9879377203299,0.5576954885661956,-1.0120622796701002,0.183,0,0.207,0.39475,2.375,0.18775
ORL,2000,3,5,-2,157.0,3.4150401883613455,0.4684616859267393,-1.5849598116386545,0.524,1,0.5,0.478625,1.375,-0.021374999999999977
ORL,2000,10,10,0,11.0,9.831674721986575,0.03949035580858788,-0.168325278013425,0.524,1,0.5,0.478625,1.375,-0.021374999999999977
ORL,2000,13,13,0,5.0,12.897981518069665,0.018055786886063328,-0.10201848193033491,0.524,1,0.5,0.478625,1.375,-0.021374999999999977
MEM/VAN,2000,4,2,2,120.0,3.9775571458977694,0.3779926939127235,1.9775571458977694,0.28,0,0.268,0.39925,0.0,0.13124999999999998
ATL,2000,5,6,-1,89.0,4.697568731651305,0.2923103376945497,-1.3024312683486947,0.305,0,0.341,0.346,1.25,0.004999999999999949
WAS,2000,6,7,-1,64.0,5.562975448658869,0.2168390022295118,-1.437024551341131,0.232,0,0.354,0.4405,0.125,0.08650000000000002
BKN,2000,7,1,6,44.0,6.55275158193151,0.15256544097488833,5.55275158193151,0.317,0,0.378,0.518375,0.25,0.14037500000000003
CLE,2000,8,8,0,29.0,7.619406635405441,0.10220938598309214,-0.38059336459455917,0.366,0,0.39,0.45437500000000003,0.5,0.06437500000000002
HOU,2000,9,9,0,18.0,8.730190695479994,0.06416855456744439,-0.26980930452000607,0.549,0,0.415,0.538125,2.125,0.12312499999999998
BOS,2000,11,11,0,9.0,10.83110159606154,0.03237403801843134,-0.16889840393846,0.439,0,0.427,0.50775,0.125,0.08075000000000004
DAL,2000,12,12,0,6.0,11.891164520966944,0.021645974476485225,-0.1088354790330559,0.646,2,0.488,0.698125,0.25,0.210125
MEM/VAN,1999,1,2,-1,250.0,2.629906912901541,0.64141120881542,0.6299069129015411,0.268,0,0.16,0.39925000000000005,0.0,0.23925000000000005
LAC,1999,2,4,-2,200.0,2.951506417230994,0.557130352016191,-1.048493582769006,0.183,0,0.18,0.402375,0.25,0.222375
CHI,1999,3,1,2,157.0,3.368053093461639,0.46793499849568787,2.368053093461639,0.207,0,0.26,0.37037499999999995,3.0,0.11037499999999995
TOR,1999,4,5,-1,120.0,3.9178114680354716,0.3775471102838189,-1.0821885319645284,0.549,1,0.46,0.454125,0.2,-0.005875000000000019
TOR,1999,11,12,-1,7.0,10.736224173777998,0.02520060922753372,-1.2637758262220018,0.549,1,0.46,0.454125,0.2,-0.005875000000000019
MIN,1999,5,6,-1,89.0,4.623245762431887,0.29196088405652065,-1.3767542375681128,0.61,1,0.5,0.5563750000000001,0.5,0.056375000000000064
WAS,1999,6,7,-1,64.0,5.472837215244934,0.2165807694034374,-1.527162784755066,0.354,0,0.36,0.41925,0.125,0.059250000000000025
BOS,1999,7,8,-1,37.0,6.5853482294886305,0.12913760613960057,-1.4146517705113695,0.427,0,0.38,0.4605,0.25,0.08050000000000002
PHX,1999,8,9,-1,36.0,7.3533736502595755,0.12578434491919704,-1.6466263497404245,0.646,2,0.54,0.594625,1.75,0.054624999999999924
GSW,1999,9,10,-1,18.0,8.589162579817112,0.06409502042785832,-1.4108374201828884,0.232,0,0.42,0.368875,0.125,-0.051124999999999976
CLE,1999,10,11,-1,9.0,9.737345617897192,0.032337376190452016,-1.2626543821028076,0.39,0,0.44,0.4345,0.75,-0.005500000000000005
OKC/SEA,1999,12,13,-1,6.0,11.717619859508215,0.02162156547051798,-1.2823801404917852,0.549,1,0.5,0.501625,1.75,0.0016249999999999876
DEN,1998,1,3,-2,250.0,2.0871243546081364,0.6717913108730034,-0.9128756453918636,0.28,0,0.134,0.42375,0.375,0.28975
TOR,1998,2,4,-2,200.0,3.463175573072822,0.446332549498096,-0.5368244269271778,0.46,0,0.195,0.44000000000000006,0.0,0.24500000000000005
LAC,1998,3,1,2,157.0,2.714749227472221,0.4903085767937415,1.714749227472221,0.18,0,0.207,0.363875,0.375,0.15687500000000001
GSW,1998,4,5,-1,105.0,3.2670847306909367,0.35480667790298975,-1.7329152693090633,0.42,0,0.232,0.357375,0.25,0.125375
MEM/VAN,1998,5,2,3,104.0,3.572650669958549,0.3519394267183121,1.572650669958549,0.16,0,0.232,0.38575,0.0,0.15374999999999997
DAL,1998,6,6,0,64.0,4.375407669607129,0.22906160483427612,-1.624592330392871,0.38,0,0.244,0.62675,0.0,0.38275000000000003
SAC,1998,7,7,0,44.0,5.15701628682504,0.16167975686284725,-1.8429837131749602,0.54,1,0.329,0.62875,0.25,0.29975
PHI,1998,8,8,0,29.0,6.006421172177711,0.10860070821387147,-1.9935788278222892,0.56,2,0.378,0.542375,0.25,0.16437500000000005
MIL,1998,9,9,0,15.0,6.968808415766999,0.05713986198544222,-2.0311915842330013,0.56,1,0.439,0.509,0.125,0.07
BOS,1998,10,10,0,14.0,7.703805253860109,0.05339436592089082,-2.296194746139891,0.38,0,0.439,0.471375,0.5,0.03237499999999999
DET,1998,11,11,0,7.0,8.634105582116172,0.02691931777014906,-2.365894417883828,0.58,1,0.451,0.6,0.5,0.14899999999999997
ORL,1998,12,12,0,6.0,9.424586732693266,0.023100743496715724,-2.5754132673067343,0.66,1,0.5,0.483375,1.25,-0.016625
WAS,1998,13,13,0,5.0,10.22457602618813,0.01927312160364757,-2.7754239738118702,0.36,0,0.512,0.40175,0.125,-0.11025000000000001
MEM/VAN,1997,1,4,-3,250.0,2.4007057300639847,0.6854745625547122,-1.5992942699360153,0.232,0,0.171,0.34,0.0,0.169
BOS,1997,2,3,-1,200.0,2.735173512816357,0.5978118126414701,-0.264826487183643,0.439,0,0.183,0.476,0.75,0.293
BOS,1997,6,6,0,64.0,5.2680881472208565,0.23624205024582462,-0.7319118527791435,0.439,0,0.183,0.476,0.75,0.293
SAS,1997,3,1,2,157.0,3.158905976151333,0.5042836149339369,2.158905976151333,0.683,2,0.244,0.70375,1.5,0.45975
DEN,1997,4,5,-1,120.0,3.7116904192183537,0.4086694668541678,-1.2883095807816463,0.134,0,0.256,0.37337499999999996,0.375,0.11737499999999995
PHI,1997,5,2,3,89.0,4.4179411621431335,0.31733240607510604,2.4179411621431335,0.378,0,0.268,0.53175,0.25,0.26374999999999993
BKN,1997,7,7,0,44.0,6.243060120444149,0.16671557573552057,-0.7569398795558513,0.524,1,0.317,0.482,0.5,0.16499999999999998
GSW,1997,8,8,0,24.0,7.422926979863383,0.09320667583432637,-0.5770730201366172,0.232,0,0.366,0.3345,0.5,-0.03149999999999997
TOR,1997,9,9,0,23.0,8.715726470463116,0.059904214804749445,-0.28427352953688434,0.195,0,0.366,0.42325,0.0,0.05725000000000002
MIL,1997,10,10,0,11.0,9.493596837155014,0.04337596930875079,-0.5064031628449861,0.439,0,0.402,0.502875,0.125,0.10087499999999994
SAC,1997,11,11,0,7.0,10.541778607943396,0.027729211255641414,-0.45822139205660406,0.329,0,0.415,0.60275,0.125,0.18775000000000003
IND,1997,12,12,0,6.0,11.508919456864307,0.023794823884753024,-0.49108054313569305,0.707,3,0.476,0.616,1.625,0.14
CLE,1997,13,13,0,5.0,12.487302706597728,0.019851413177957803,-0.5126972934022724,0.573,1,0.512,0.408625,1.125,-0.103375
MEM/VAN,1996,1,3,-2,250.0,2.044692879432689,0.709709135951476,-0.9553071205673112,0.171,0,0.183,0.29275,0.0,0.10975000000000001
PHI,1996,2,1,1,200.0,2.3309850325508674,0.6185442105364636,1.3309850325508674,0.268,0,0.22,0.49975,0.5,0.27975000000000005
TOR,1996,3,2,1,157.0,3.8377913094730323,0.3689378021359169,1.8377913094730323,0.366,0,0.256,0.41875,0.0,0.16275
MIL,1996,4,4,0,120.0,3.2040257301389605,0.4236289439154267,-0.7959742698610395,0.402,0,0.305,0.507375,0.25,0.20237500000000003
MIN,1996,5,5,0,77.0,3.9505519674218608,0.29025326858647416,-1.0494480325781392,0.488,1,0.317,0.582375,0.125,0.26537499999999997
DAL,1996,6,6,0,76.0,4.376466031209363,0.2869039164431636,-1.6235339687906372,0.293,0,0.317,0.514,0.125,0.197
DAL,1996,9,9,0,18.0,7.23309024111067,0.07359941994119021,-1.76690975888933,0.293,0,0.317,0.514,0.125,0.197
LAC,1996,7,7,0,44.0,5.371166127558476,0.17380636208704678,-1.6288338724415237,0.439,1,0.354,0.316625,0.375,-0.03737499999999999
BKN,1996,8,8,0,29.0,6.281785055028849,0.11688847469921644,-1.7182149449711508,0.317,0,0.366,0.457625,0.375,0.09162500000000001
DEN,1996,10,10,0,11.0,8.173576227661867,0.04538062958090723,-1.8264237723381331,0.256,0,0.427,0.330625,0.5,-0.09637499999999999
GSW,1996,11,11,0,7.0,9.082302654919266,0.029024183057164574,-1.9176973450807342,0.366,0,0.439,0.328375,0.5,-0.11062500000000003
CLE,1996,12,12,0,6.0,9.916437756547724,0.024908969062814205,-2.083562243452276,0.512,0,0.573,0.408625,1.125,-0.16437499999999994
LAC,1995,1,2,-1,250.0,2.64069308058268,0.6441089296152164,0.6406930805826798,0.354,0,0.207,0.31825000000000003,0.25,0.11125000000000004
WAS,1995,2,4,-2,164.0,3.1597063016118194,0.4859042055295626,-0.8402936983881806,0.476,0,0.256,0.42162499999999997,0.0,0.16562499999999997
MIN,1995,3,5,-2,164.0,3.3744309863200916,0.4859042055295626,-1.6255690136799084,0.317,0,0.256,0.533625,0.0,0.277625
PHI,1995,4,3,1,163.0,3.5971789701517753,0.48368622585489096,0.5971789701517753,0.22,0,0.293,0.477,0.625,0.184
GSW,1995,5,1,4,94.0,4.5515947035116175,0.3078768636787092,3.5515947035116175,0.439,0,0.317,0.32687499999999997,0.75,0.009874999999999967
DET,1995,6,6,0,66.0,5.4234850763729945,0.2239093746197037,-0.5765149236270055,0.561,1,0.341,0.546625,1.875,0.205625
BKN,1995,7,7,0,44.0,6.428171748059743,0.15312850104177156,-0.5718282519402571,0.366,0,0.366,0.43175,0.375,0.06575000000000003
MIA,1995,8,8,0,27.0,7.531772239446309,0.09571031319414176,-0.46822776055369086,0.512,1,0.39,0.571875,0.375,0.181875
MIL,1995,9,9,0,15.0,8.675276419540483,0.053830868284136565,-0.32472358045951744,0.305,0,0.415,0.48300000000000004,0.5,0.06800000000000006
DAL,1995,10,10,0,8.0,9.790141147772417,0.02890919242035527,-0.20985885222758327,0.317,0,0.439,0.474375,0.125,0.03537499999999999
SAC,1995,11,11,0,5.0,10.839111775746023,0.018120871565124878,-0.16088822425397709,0.476,1,0.476,0.5539999999999999,0.125,0.07799999999999996
DAL,1994,1,2,-1,250.0,2.64069308058268,0.6441089296152164,0.6406930805826798,0.439,0,0.159,0.43775,0.5,0.27874999999999994
DET,1994,2,3,-1,164.0,3.1597063016118194,0.4859042055295626,0.15970630161181942,0.341,0,0.244,0.513,2.25,0.269
MIN,1994,3,4,-1,164.0,3.3744309863200916,0.4859042055295626,-0.6255690136799084,0.256,0,0.244,0.487875,0.0,0.243875
MIL,1994,4,1,3,163.0,3.5971789701517753,0.48368622585489096,2.5971789701517753,0.415,0,0.244,0.47087500000000004,0.625,0.22687500000000005
WAS,1994,5,5,0,94.0,4.5515947035116175,0.3078768636787092,-0.44840529648838245,0.256,0,0.293,0.39725,0.125,0.10425000000000001
PHI,1994,6,6,0,66.0,5.4234850763729945,0.2239093746197037,-0.5765149236270055,0.293,0,0.305,0.4405,0.625,0.1355
LAC,1994,7,7,0,44.0,6.428171748059743,0.15312850104177156,-0.5718282519402571,0.207,0,0.329,0.303,0.25,-0.026000000000000023
SAC,1994,8,8,0,27.0,7.531772239446309,0.09571031319414176,-0.46822776055369086,0.476,0,0.341,0.5235,0.0,0.18249999999999994
BOS,1994,9,9,0,15.0,8.675276419540483,0.053830868284136565,-0.32472358045951744,0.427,1,0.39,0.411875,1.375,0.021874999999999978
LAL,1994,10,10,0,8.0,9.790141147772417,0.02890919242035527,-0.20985885222758327,0.585,2,0.402,0.685625,2.375,0.283625
DAL,1993,1,4,-3,166.667,3.046250371924912,0.46506604114330985,-0.9537496280750881,0.159,0,0.134,0.37075,0.625,0.23675000000000002
MIN,1993,2,5,-3,151.515,3.385219215450476,0.4321944891980974,-1.6147807845495241,0.244,0,0.232,0.442125,0.0,0.21012499999999998
WAS,1993,3,6,-3,136.364,3.7867278660400756,0.39742554136437624,-2.2132721339599244,0.293,0,0.268,0.3775,0.25,0.10949999999999999
SAC,1993,4,7,-3,121.212,4.260790039581934,0.3607310268089362,-2.7392099604180657,0.341,0,0.305,0.473125,0.0,0.16812500000000002
PHI,1993,5,2,3,106.061,4.818097212925365,0.32210825492197026,2.818097212925365,0.305,0,0.317,0.41312499999999996,0.75,0.09612499999999996
MIL,1993,6,8,-2,90.909,5.469798147323568,0.2815598954191598,-2.5302018526764316,0.244,0,0.341,0.438875,0.875,0.09787499999999999
GSW,1993,7,3,4,75.758,6.227232895669925,0.2391134751819376,3.2272328956699248,0.61,1,0.415,0.352875,1.0,-0.062124999999999986
DEN,1993,8,9,-1,60.606,7.101901910465323,0.19479891676582323,-1.8980980895346766,0.512,1,0.439,0.378,1.0,-0.061
MIA,1993,9,10,-1,45.455,8.105235063451811,0.14866972533983028,-1.8947649365481887,0.512,1,0.439,0.591625,0.3333333333333333,0.15262499999999996
DET,1993,10,11,-1,30.303,9.248644973196106,0.10077826211115462,-1.7513550268038944,0.244,0,0.488,0.46725,2.625,-0.02074999999999999
ORL,1993,11,1,10,15.152,10.543266663969908,0.05119864626956763,9.543266663969908,0.61,1,0.5,0.5962500000000001,0.2,0.09625000000000006
MIN,1992,1,3,-2,166.667,3.046250371924912,0.46506604114330985,0.04625037192491188,0.232,0,0.183,0.39949999999999997,0.0,0.21649999999999997
ORL,1992,2,1,1,151.515,3.385219215450476,0.4321944891980974,2.385219215450476,0.5,0,0.256,0.59325,0.0,0.33725000000000005
ORL,1992,11,11,0,15.152,10.543266663969908,0.05119864626956763,-0.4567333360300925,0.5,0,0.256,0.59325,0.0,0.33725000000000005
DAL,1992,3,4,-1,136.364,3.7867278660400756,0.39742554136437624,-0.2132721339599244,0.134,0,0.268,0.30675,0.875,0.03875000000000001
DEN,1992,4,5,-1,121.212,4.260790039581934,0.3607310268089362,-0.7392099604180657,0.439,2,0.293,0.371875,1.125,0.07887500000000003
WAS,1992,5,6,-1,106.061,4.818097212925365,0.32210825492197026,-1.1819027870746348,0.268,0,0.305,0.382,0.375,0.07700000000000001
SAC,1992,6,7,-1,90.909,5.469798147323568,0.2815598954191598,-1.5302018526764316,0.305,0,0.354,0.427375,0.125,0.07337500000000002
MIL,1992,7,8,-1,75.758,6.227232895669925,0.2391134751819376,-1.7727671043300752,0.341,0,0.378,0.40225,1.25,0.024249999999999994
PHI,1992,9,9,0,45.455,8.105235063451811,0.14866972533983028,-0.8947649365481887,0.317,0,0.427,0.367375,1.0,-0.059624999999999984
ATL,1992,10,10,0,30.303,9.248644973196106,0.10077826211115462,-0.7513550268038944,0.524,1,0.463,0.56825,1.125,0.10525000000000001
DEN,1991,1,4,-3,166.667,3.046250371924912,0.46506604114330985,-0.9537496280750881,0.293,0,0.244,0.35512499999999997,1.25,0.11112499999999997
MIA,1991,2,5,-3,151.515,3.385219215450476,0.4321944891980974,-1.6147807845495241,0.463,1,0.293,0.548875,0.25,0.255875
SAC,1991,3,3,0,136.364,3.7867278660400756,0.39742554136437624,0.7867278660400756,0.354,0,0.305,0.4045,0.125,0.09950000000000003
BKN,1991,4,2,2,121.212,4.260790039581934,0.3607310268089362,2.2607900395819343,0.488,1,0.317,0.43174999999999997,0.375,0.11474999999999996
DAL,1991,6,6,0,90.909,5.469798147323568,0.2815598954191598,-0.5302018526764316,0.268,0,0.341,0.27925,1.0,-0.06175000000000003
MIN,1991,7,7,0,75.758,6.227232895669925,0.2391134751819376,-0.7727671043300752,0.183,0,0.354,0.346125,0.0,-0.007874999999999965
WAS,1991,8,8,0,60.606,7.101901910465323,0.19479891676582323,-0.8980980895346766,0.305,0,0.366,0.37587499999999996,0.5,0.009874999999999967
LAC,1991,9,9,0,45.455,8.105235063451811,0.14866972533983028,-0.8947649365481887,0.549,1,0.378,0.345625,0.125,-0.03237499999999999
ORL,1991,10,10,0,30.303,9.248644973196106,0.10077826211115462,-0.7513550268038944,0.256,0,0.378,0.5627500000000001,0.0,0.18475000000000008
CLE,1991,11,11,0,15.152,10.543266663969908,0.05119864626956763,-0.4567333360300925,0.695,3,0.402,0.568625,0.875,0.16662500000000002
BKN,1990,1,1,0,166.667,3.046250371924912,0.46506604114330985,2.046250371924912,0.317,0,0.207,0.431375,0.2857142857142857,0.22437500000000002
MIA,1990,2,3,-1,151.515,3.385219215450476,0.4321944891980974,0.3852192154504759,0.293,0,0.22,0.503,0.0,0.28300000000000003
ORL,1990,3,4,-1,136.364,3.7867278660400756,0.39742554136437624,-0.2132721339599244,0.378,0,0.22,0.5275,0.0,0.3075
MIN,1990,5,6,-1,106.061,4.818097212925365,0.32210825492197026,-1.1819027870746348,0.354,0,0.268,0.327875,0.0,0.05987500000000001
SAC,1990,6,7,-1,90.909,5.469798147323568,0.2815598954191598,-1.5302018526764316,0.305,0,0.28,0.375125,0.14285714285714285,0.09512499999999996
LAC,1990,7,8,-1,75.758,6.227232895669925,0.2391134751819376,-1.7727671043300752,0.378,0,0.366,0.370375,0.0,0.004375000000000018
DAL,1990,8,9,-1,60.606,7.101901910465323,0.19479891676582323,-1.8980980895346766,0.341,0,0.573,0.27437500000000004,1.1428571428571428,-0.2986249999999999
GSW,1990,9,10,-1,45.455,8.105235063451811,0.14866972533983028,-1.8947649365481887,0.537,2,0.451,0.448375,0.8571428571428571,-0.0026249999999999885
OKC/SEA,1990,10,2,8,30.303,9.248644973196106,0.10077826211115462,7.248644973196106,0.5,1,0.5,0.67825,1.0,0.17825000000000002
ATL,1990,11,11,0,15.152,10.543266663969908,0.05119864626956763,-0.4567333360300925,0.524,1,0.5,0.5715,1.1428571428571428,0.07150000000000001
MIA,1989,1,4,-3,111.111,3.333323676986933,0.33333291007684795,-0.6666763230130668,0.22,0,0.183,0.446625,0.0,0.263625
LAC,1989,3,2,1,111.111,4.166654280465481,0.33333291007684795,2.1666542804654814,0.366,0,0.256,0.39025000000000004,0.0,0.13425000000000004
SAS,1989,4,3,1,111.111,4.583319582204764,0.33333291007684795,1.5833195822047639,0.683,2,0.256,0.6145,0.8333333333333334,0.35850000000000004
CHI,1989,5,6,-1,111.111,4.999984883944047,0.33333291007684795,-1.0000151160559527,0.671,3,0.573,0.7362500000000001,1.8333333333333333,0.16325000000000012
SAC,1989,6,1,5,111.111,5.41665018568333,0.33333291007684795,4.41665018568333,0.28,0,0.329,0.369,0.16666666666666666,0.03999999999999998
IND,1989,7,7,0,111.111,5.833315487422612,0.33333291007684795,-1.1666845125773877,0.512,1,0.341,0.539625,0.3333333333333333,0.198625
DAL,1989,8,8,0,111.111,6.249980789161893,0.33333291007684795,-1.750019210838107,0.573,1,0.463,0.3155,1.3333333333333333,-0.14750000000000002
WAS,1989,9,9,0,111.111,6.6666460909012155,0.33333291007684795,-2.3333539090987845,0.378,0,0.488,0.359875,0.6666666666666666,-0.128125
LAC,1988,1,1,0,142.857,3.142848330007661,0.42857083111179284,2.142848330007661,0.256,0,0.207,0.367375,0.0,0.16037500000000002
LAC,1988,4,6,-2,142.857,3.9999883833431182,0.42857083111179284,-2.0000116166568818,0.256,0,0.207,0.367375,0.0,0.16037500000000002
BKN,1988,2,4,-2,142.857,3.4285616811194775,0.42857083111179284,-0.5714383188805225,0.317,0,0.232,0.39175,0.4,0.15974999999999998
GSW,1988,3,5,-2,142.857,3.714275032231299,0.42857083111179284,-1.2857249677687008,0.524,2,0.244,0.49550000000000005,0.8,0.25150000000000006
PHX,1988,5,7,-2,142.857,4.285701734454942,0.42857083111179284,-2.7142982655450583,0.671,3,0.341,0.66325,0.8,0.32225
PHI,1988,6,3,3,142.857,4.571415085566762,0.42857083111179284,1.5714150855667617,0.561,1,0.439,0.41325,1.4,-0.025749999999999995
IND,1988,7,2,5,142.857,4.857128436678592,0.42857083111179284,2.8571284366785923,0.341,0,0.463,0.52275,0.2,0.059750000000000025
LAC,1987,1,4,-3,142.857,3.142848330007661,0.42857083111179284,-0.8571516699923389,0.207,0,0.146,0.34900000000000003,0.0,0.20300000000000004
NYK,1987,2,5,-3,142.857,3.4285616811194775,0.42857083111179284,-1.5714383188805225,0.463,1,0.293,0.6052500000000001,0.75,0.3122500000000001
BKN,1987,3,3,0,142.857,3.714275032231299,0.42857083111179284,0.7142750322312992,0.232,0,0.293,0.375,0.5,0.08200000000000002
SAS,1987,4,1,3,142.857,3.9999883833431182,0.42857083111179284,2.9999883833431182,0.378,1,0.341,0.57325,0.75,0.23225
SAC,1987,5,6,-1,142.857,4.285701734454942,0.42857083111179284,-1.7142982655450583,0.293,0,0.354,0.335375,0.25,-0.018625000000000003
CLE,1987,6,7,-1,142.857,4.571415085566762,0.42857083111179284,-2.4285849144332383,0.512,1,0.378,0.5715,0.5,0.1935
PHX,1987,7,2,5,142.857,4.857128436678592,0.42857083111179284,2.8571284366785923,0.341,0,0.439,0.643375,0.25,0.20437500000000003
NYK,1986,1,5,-4,142.857,3.5,1.0,-1.5,0.293,0,0.28,0.558,0.6666666666666666,0.278
IND,1986,2,4,-2,142.857,3.5,1.0,-0.5,0.5,1,0.317,0.484625,0.3333333333333333,0.16762499999999997
DAL,1986,3,7,-4,142.857,3.5,1.0,-3.5,0.671,1,0.537,0.406875,1.3333333333333333,-0.13012500000000005
GSW,1986,4,3,1,142.857,3.5,1.0,0.5,0.512,2,0.366,0.4955,0.6666666666666666,0.1295
BOS,1986,5,2,3,142.857,3.5,1.0,1.5,0.72,4,0.817,0.6051249999999999,4.333333333333333,-0.21187500000000004
PHI,1986,6,1,5,142.857,3.5,1.0,2.5,0.549,1,0.659,0.47262499999999996,2.0,-0.18637500000000007
PHX,1986,7,6,1,142.857,3.5,1.0,-2.5,0.439,0,0.39,0.6082500000000001,0.3333333333333333,0.21825000000000006
IND,1985,1,2,-1,142.857,3.5,1.0,1.5,0.317,0,0.268,0.452625,0.0,0.18462499999999998
GSW,1985,2,7,-5,142.857,3.5,1.0,-3.5,0.366,0,0.268,0.465,0.0,0.197
NYK,1985,3,1,2,142.857,3.5,1.0,2.5,0.28,0,0.293,0.506125,1.0,0.21312500000000006
SAC,1985,4,6,-2,142.857,3.5,1.0,-2.5,0.451,1,0.378,0.33387500000000003,0.5,-0.04412499999999997
LAC,1985,5,3,2,142.857,3.5,1.0,0.5,0.39,0,0.378,0.349,0.0,-0.029000000000000026
OKC/SEA,1985,6,4,2,142.857,3.5,1.0,-0.5,0.378,0,0.378,0.526,0.0,0.14800000000000002
ATL,1985,7,5,2,142.857,3.5,1.0,-1.5,0.61,2,0.415,0.57,1.0,0.15499999999999997
